"","tax_tax","tax_morpho2"
"1","Afrocanthium spec.nov.1","Afrocanthium spec.nov.1"
"2","Afrostyrax kamerunensis","Afrostyrax kamerunensis"
"3","Afrostyrax lepidophyllus","Afrostyrax lepidophyllus"
"4","Afrostyrax macranthus","Afrostyrax macranthus"
"5","Afzelia","Afzelia sp1"
"6","Afzelia bella","Afzelia sp1"
"7","Afzelia bipindensis","Afzelia sp1"
"8","Afzelia pachyloba","Afzelia pachyloba"
"9","Aidia","Aidia sp1"
"10","Aidia micrantha","Aidia micrantha"
"11","Aidia ochroleuca","Aidia ochroleuca"
"12","Aidia rubens","Aidia rubens"
"13","Albizia","Albizia sp1"
"14","Albizia adianthifolia","Albizia adianthifolia"
"15","Albizia ferruginea","Albizia ferruginea"
"16","Albizia glaberrima","Albizia glaberrima"
"17","Albizia gummifera","Albizia gummifera"
"18","Alchornea","Alchornea sp1"
"19","Alchornea floribunda","Alchornea floribunda"
"20","Allanblackia","Allanblackia sp1"
"21","Allanblackia floribunda","Allanblackia sp1"
"22","Allanblackia gabonensis","Allanblackia sp1"
"23","Allexis batangae","Allexis batangae"
"24","Allexis cauliflora","Allexis cauliflora"
"25","Allophylus","Allophyllus sp1"
"26","Allophylus africanus","Allophyllus sp1"
"27","Allophylus bullatus","Allophyllus sp1"
"28","Allophylus cobbe","Allophyllus sp1"
"29","Alstonia boonei","Alstonia boonei"
"30","Alstonia congensis","Alstonia congensis"
"31","Amanoa bracteosa","Amanoa bracteosa"
"32","Amphimas","Amphimas sp1"
"33","Amphimas ferrugineus","Amphimas ferrugineus"
"34","Amphimas pterocarpoides","Amphimas pterocarpoides"
"35","Amphimas tessmannii","Amphimas pterocarpoides"
"36","Aneulophus africanus","Aneulophus africanus"
"37","Angylocalyx","Angylocalyx sp1"
"38","Angylocalyx oligophyllus","Angylocalyx sp1"
"39","Angylocalyx pynaertii","Angylocalyx sp1"
"40","Angylocalyx talbotii","Angylocalyx sp1"
"41","Angylocalyx vermeulenii","Angylocalyx sp1"
"42","Anisophyllea","Anisophyllea sp1"
"43","Anisophyllea meniaudi","Anisophyllea meniaudi"
"44","Anisophyllea myriosticta","Anisophyllea myriosticta"
"45","Anisophyllea neopurpurascens","Anisophyllea purpurascens"
"46","Anisophyllea polyneura","Anisophyllea polyneura"
"47","Anisophyllea purpurascens","Anisophyllea purpurascens"
"48","Anisophyllea sororia","Anisophyllea sororia"
"49","Annickia","Annickia sp1"
"50","Annickia affinis","Annickia affinis"
"51","Annickia chlorantha","Annickia affinis"
"52","Annickia lebrunii","Annickia lebrunii"
"53","Anonidium","Anonidium sp1"
"54","Anonidium brieyi","Anonidium sp1"
"55","Anonidium floribundum","Anonidium sp1"
"56","Anonidium mannii","Anonidium sp1"
"57","Anonidium mannii var. brieyi","Anonidium sp1"
"58","Anopyxis klaineana","Anopyxis klaineana"
"59","Anthocleista","Anthocleista sp1"
"60","Anthocleista schweinfurthii","Anthocleista schweinfurthii"
"61","Anthocleista vogelii","Anthocleista vogelii"
"62","Anthonotha","Anthonotha sp1"
"63","Anthonotha acuminata","Anthonotha sp1"
"64","Anthonotha brieyi","Anthonotha sp1"
"65","Anthonotha ferruginea","Anthonotha ferruginea"
"66","Anthonotha fragrans","Anthonotha fragrans"
"67","Anthonotha macrophylla","Anthonotha sp1"
"68","Anthonotha pynaertii","Anthonotha sp1"
"69","Anthonotha stipulacea","Anthonotha stipulacea"
"70","Anthonotha trunciflora","Anthonotha trunciflora"
"71","Anthonotha wijmacampensis","Anthonotha sp1"
"72","Anthostema aubryanum","Anthostema aubryanum"
"73","Antiaris","Antiaris toxicaria"
"74","Antiaris toxicaria","Antiaris toxicaria"
"75","Antidesma","Antidesma sp1"
"76","Antidesma laciniatum","Antidesma laciniatum"
"77","Antidesma rufescens","Antidesma venosum"
"78","Antidesma vogelianum","Antidesma vogelianum"
"79","Antrocaryon klaineanum","Antrocaryon klaineanum"
"80","Antrocaryon micraster","Antrocaryon nannanii"
"81","Antrocaryon nannanii","Antrocaryon nannanii"
"82","Aoranthe cladantha","Aoranthe cladantha"
"83","Aphanocalyx","Aphanocalyx sp1"
"84","Aphanocalyx cynometroides","Aphanocalyx cynometroides"
"85","Aphanocalyx djumaensis","Aphanocalyx djumaensis"
"86","Aphanocalyx heitzii","Aphanocalyx heitzii"
"87","Aphanocalyx jenseniae","Aphanocalyx jenseniae"
"88","Aphanocalyx marginervatus","Aphanocalyx margininervatus"
"89","Aphanocalyx margininervatus","Aphanocalyx margininervatus"
"90","Aphanocalyx microphyllus","Aphanocalyx microphyllus"
"91","Aporrhiza","Aporrhiza sp1"
"92","Aporrhiza lastoursvillensis","Aporrhiza sp1"
"93","Aporrhiza urophylla","Aporrhiza urophylla"
"94","Aptandra zenkeri","Aptandra zenkeri"
"95","Aubletiana leptostachys","Aubletiana leptostachys"
"96","Aubletiana macrostachys","Aubletiana macrostachys"
"97","Aubrevillea","Aubrevillea sp1"
"98","Aubrevillea platycarpa","Aubrevillea platycarpa"
"99","Aucoumea klaineana","Aucoumea klaineana"
"100","Augouardia le-testui","Augouardia le-testui"
"101","Aulacocalyx","Aulacocalyx sp1"
"102","Aulacocalyx caudata","Aulacocalyx caudata"
"103","Aulacocalyx jasminiflora","Aulacocalyx jasminiflora"
"104","Aulacocalyx subulata","Aulacocalyx subulata"
"105","Autranella congolensis","Autranella congolensis"
"106","Baikiaea","Baikiaea sp1"
"107","Baikiaea insignis","Baikiaea insignis"
"108","Baikiaea robynsii","Baikiaea robynsii"
"109","Baillonella toxisperma","Baillonella toxisperma"
"110","Balanites wilsoniana","Balanites wilsoniana"
"111","Baphia","Baphia sp1"
"112","Baphia acuminata","Baphia acuminata"
"113","Baphia buettneri","Baphia sp1"
"114","Baphia cymosa","Baphia sp1"
"115","Baphia hylophila","Baphia sp1"
"116","Baphia laurifolia","Baphia sp1"
"117","Baphia leptobotrys","Baphia leptobotrys"
"118","Baphia leptostemma","Baphia sp1"
"119","Baphia letestui","Baphia letestui"
"120","Baphia nitida","Baphia sp1"
"121","Baphia sp1 aff leptostemma","Baphia sp1"
"122","Baphiopsis parviflora","Baphiopsis parviflora"
"123","Barteria dewevrei","Barteria dewevrei"
"124","Barteria fistulosa","Barteria fistulosa"
"125","Barteria nigritana","Barteria nigritana"
"126","Beilschmiedia","Beilschmiedia sp1"
"127","Beilschmiedia  sp.nov. Lachenaud","Beilschmiedia sp1"
"128","Beilschmiedia calcitranthera","Beilschmiedia sp1"
"129","Beilschmiedia congolana","Beilschmiedia sp1"
"130","Beilschmiedia corbisieri","Beilschmiedia sp1"
"131","Beilschmiedia dinklagei","Beilschmiedia sp1"
"132","Beilschmiedia fulva","Beilschmiedia fulva"
"133","Beilschmiedia gaboonensis","Beilschmiedia sp1"
"134","Beilschmiedia jacques-felixii","Beilschmiedia sp1"
"135","Beilschmiedia klainei","Beilschmiedia sp1"
"136","Beilschmiedia mannii","Beilschmiedia sp1"
"137","Beilschmiedia minutiflora","Beilschmiedia sp1"
"138","Beilschmiedia neoletestui","Beilschmiedia sp1"
"139","Beilschmiedia pierreana","Beilschmiedia sp1"
"140","Belonophora coffeoides","Belonophora coffeoides"
"141","Belonophora coffeoides subsp. hypoglauca","Belonophora coffeoides"
"142","Belonophora coriacea","Belonophora coriacea"
"143","Berlinia","Berlinia sp1"
"144","Berlinia auriculata","Berlinia sp1"
"145","Berlinia bracteosa","Berlinia bracteosa"
"146","Berlinia confusa","Berlinia sp1"
"147","Berlinia congolensis","Berlinia sp1"
"148","Berlinia craibiana","Berlinia sp1"
"149","Berlinia rabiensis","Berlinia sp1"
"150","Bersama","Bersama sp1"
"151","Bertiera","Bertiera sp1"
"152","Bertiera arctistipula","Bertiera sp1"
"153","Bertiera racemosa","Bertiera sp1"
"154","Bertiera subsessilis","Bertiera sp1"
"155","Bikinia","Bikinia sp1"
"156","Bikinia breynei","Bikinia breynei"
"157","Bikinia durandii","Bikinia durandii"
"158","Bikinia evrardii","Bikinia evrardii"
"159","Bikinia grisea","Bikinia grisea"
"160","Bikinia le-testui","Bikinia letestui"
"161","Bikinia le-testui subsp. le-testui","Bikinia letestui"
"162","Bikinia letestui","Bikinia letestui"
"163","Bikinia media","Bikinia media"
"164","Bikinia pellegrinii","Bikinia pellegrinii"
"165","Blighia","Blighia sp1"
"166","Blighia sapida","Blighia sp1"
"167","Blighia unijugata","Blighia unijugata"
"168","Blighia welwitschii","Blighia welwitschii"
"169","Blighiopsis gabonica","Blighiopsis gabonica"
"170","Bobgunnia fistuloides","Bobgunnia fistuloides"
"171","Bombax","Bombax sp1"
"172","Bombax brevicuspe","Bombax brevicuspe"
"173","Bombax buonopozense","Bombax buonopozense"
"174","Brachystegia","Brachystegia sp1"
"175","Brachystegia mildbraedii","Brachystegia mildbraedii"
"176","Brazzeia","Brazzeia sp1"
"177","Brazzeia soyauxii","Brazzeia soyauxii"
"178","Brenania brieyi","Brenania brieyi"
"179","Bridelia","Bridelia sp1"
"180","Bridelia micrantha","Bridelia sp1"
"181","Brieya fasciculatum","Brieya fasciculatum"
"182","Buchholzia","Buchholzia sp1"
"183","Buchholzia coriacea","Buchholzia sp1"
"184","Calamus holttumii",""
"185","Calpocalyx","Calpocalyx sp1"
"186","Calpocalyx dinklagei","Calpocalyx sp1"
"187","Calpocalyx heitzii","Calpocalyx heitzii"
"188","Calpocalyx klainei","Calpocalyx sp1"
"189","Calpocalyx ngouniensis","Calpocalyx sp1"
"190","Campylospermum","Campylospermum sp1"
"191","Campylospermum calanthum","Campylospermum calanthum"
"192","Campylospermum costatum","Campylospermum costatum"
"193","Campylospermum duparquetianum","Campylospermum duparquetianum"
"194","Campylospermum elongatum","Campylospermum elongatum"
"195","Campylospermum reticulatum","Campylospermum reticulatum"
"196","Campylospermum sulcatum","Campylospermum sulcatum"
"197","Campylospermum vogelii","Campylospermum vogelii"
"198","Canarium schweinfurthii","Canarium schweinfurthii"
"199","Carapa","Carapa sp1"
"200","Carapa angustifolia","Carapa sp1"
"201","Carapa macrantha","Carapa sp1"
"202","Carapa parviflora","Carapa sp1"
"203","Carapa procera","Carapa sp1"
"204","Carpobrotus edulis","Carpobrotus sp1"
"205","Carpolobia","Carpolobia sp1"
"206","Carpolobia alba","Carpolobia alba"
"207","Carpolobia gossweileri","Carpolobia gossweileri"
"208","Casearia","Casearia sp1"
"209","Casearia barteri","Casearia sp1"
"210","Casearia prismatocarpa","Casearia sp1"
"211","Cassipourea","Cassipourea sp1"
"212","Cassipourea acuminata","Cassipourea sp1"
"213","Cassipourea barteri","Cassipourea barteri"
"214","Cassipourea carringtoniana","Cassipourea sp1"
"215","Cassipourea congoensis","Cassipourea sp1"
"216","Cassipourea dinklagei","Cassipourea sp1"
"217","Cassipourea gummiflua","Cassipourea gummiflua"
"218","Cassipourea schizocalyx","Cassipourea schizocalyx"
"219","Cassipourea sp.nov. aff. gummiflua Lachenaud","Cassipourea sp.nov. aff. gummiflua Lachenaud"
"220","Cavacoa","Cavacoa quintasii"
"221","Cavacoa quintasii","Cavacoa quintasii"
"222","Ceiba pentandra","Ceiba pentandra"
"223","Celtis","Celtis sp1"
"224","Celtis mildbraedii","Celtis mildbraedii"
"225","Celtis tessmannii","Celtis tessmannii"
"226","Celtis zenkeri","Celtis zenkeri"
"227","Centroplacus glaucinus","Centroplacus glaucinus"
"228","Chaetocarpus africanus","Chaetocarpus africanus"
"229","Chassalia petitiana",""
"230","Chlamydocola","Chlamydocola sp1"
"231","Chlamydocola chlamydantha","Chlamydocola chlamydantha"
"232","Chlamydocola lastoursvillensis","Chlamydocola lastoursvillensis"
"233","Chonopetalum stenodictyum","Lychnodiscus brevibracteatus"
"234","Christiana africana","Christiana africana"
"235","Chrysobalanus icaco","Chrysobalanus icaco"
"236","Chrysophyllum","Chrysophyllum sp1"
"237","Chrysophyllum africanum","Chrysophyllum africanum/perpulchrum/giganteum"
"238","Chrysophyllum beguei","Chrysophyllum beguei"
"239","Chrysophyllum boukokoense","Chrysophyllum sp1"
"240","Chrysophyllum giganteum","Chrysophyllum africanum/perpulchrum/giganteum"
"241","Chrysophyllum lacourtianum","Chrysophyllum lacourtianum"
"242","Chrysophyllum perpulchrum","Chrysophyllum africanum/perpulchrum/giganteum"
"243","Chrysophyllum pruniforme","Chrysophyllum pruniforme"
"244","Chrysophyllum sp2 aff boukokuese","Chrysophyllum sp1"
"245","Chrysophyllum subnudum","Chrysophyllum subnudum"
"246","Chrysophyllum welwitschii","Chrysophyllum welwitschii"
"247","Chytranthus","Chytranthus sp1"
"248","Chytranthus angustifolius","Chytranthus angustifolius"
"249","Chytranthus carneus","Chytranthus carneus"
"250","Chytranthus cauliflorus","Chytranthus cauliflorus"
"251","Chytranthus gilletii","Chytranthus gilletii"
"252","Chytranthus imenoensis","Chytranthus sp1"
"253","Chytranthus macrobotrys","Chytranthus sp1"
"254","Chytranthus macrophyllus","Chytranthus sp1"
"255","Chytranthus setosus","Chytranthus setosus"
"256","Chytranthus talbotii","Chytranthus sp1"
"257","Cissus","Cissus sp1"
"258","Cleistanthus","Cleistanthus sp1"
"259","Cleistanthus bambidianus","Cleistanthus bambidianus"
"260","Cleistanthus caudatus","Cleistanthus sp2"
"261","Cleistanthus gabonensis","Cleistanthus gabonensis"
"262","Cleistanthus itsoghensis","Cleistanthus itsoghensis"
"263","Cleistanthus letouzeyi","Cleistanthus letouzeyi"
"264","Cleistanthus libericus","Cleistanthus libericus"
"265","Cleistanthus ngounyensis","Cleistanthus sp2"
"266","Cleistanthus pierlotii","Cleistanthus sp2"
"267","Cleistanthus sp2 aff letouzeyi","Cleistanthus sp1"
"268","Cleistanthus willmannianus","Cleistanthus sp2"
"269","Cleistanthus zenkeri","Cleistanthus zenkeri"
"270","Cleistopholis","Cleistopholis sp1"
"271","Cleistopholis glauca","Cleistopholis glauca"
"272","Cleistopholis patens","Cleistopholis patens"
"273","Cleistopholis staudtii","Cleistopholis staudtii"
"274","Coelocaryon botryoides","Coelocaryon preussii"
"275","Coelocaryon preussii","Coelocaryon preussii"
"276","Coffea","Coffea sp1"
"277","Cola","Cola sp1"
"278","Cola acuminata","Cola acuminata/ballayi"
"279","Cola altissima","Cola altissima"
"280","Cola ballayi","Cola acuminata/ballayi"
"281","Cola crispiflora","Cola crispiflora"
"282","Cola digitata","Cola digitata"
"283","Cola duparquetiana","Cola duparquetiana/ficifolia"
"284","Cola ficifolia","Cola duparquetiana/ficifolia"
"285","Cola flavo-velutina","Cola gabonensis"
"286","Cola gabonensis","Cola gabonensis"
"287","Cola griseiflora","Cola griseiflora"
"288","Cola hispida","Cola hispida"
"289","Cola lateritia","Cola lateritia"
"290","Cola lissachensis","Cola lissachensis"
"291","Cola lizae","Cola lizae"
"292","Cola mahoundensis","Cola mahoundensis"
"293","Cola marsupium","Cola marsupium"
"294","Cola mayimbensis","Cola mayimbensis"
"295","Cola pachycarpa","Cola pachycarpa"
"296","Cola rostrata","Cola rostrata/tsandensis"
"297","Cola sp2 aff rostrata","Cola sp1"
"298","Cola sp7 aff gabonensis","Cola sp1"
"299","Cola tsandensis","Cola rostrata/tsandensis"
"300","Colletoecema gabonensis","Colletoecema gabonensis"
"301","Copaifera mildbraedii","Copaifera mildbraedii"
"302","Copaifera religiosa","Copaifera religiosa"
"303","Cordia","Cordia sp1"
"304","Cordia platythyrsa","Cordia sp1"
"305","Corynanthe","Corynanthe sp1"
"306","Corynanthe johimbe","Corynanthe johimbe"
"307","Corynanthe macroceras","Corynanthe macroceras"
"308","Corynanthe mayumbensis","Corynanthe mayumbensis"
"309","Coula edulis","Coula edulis"
"310","Craibia","Craibia sp1"
"311","Craibia atlantica","Craibia sp1"
"312","Craibia simplex","Craibia simplex"
"313","Crateranthus","Crateranthus sp1"
"314","Crateranthus le-testui","Crateranthus sp1"
"315","Crateranthus talbotii","Crateranthus sp1"
"316","Craterispermum","Craterispermum sp1"
"317","Craterispermum caudatum","Craterispermum sp1"
"318","Craterispermum cerinanthum","Craterispermum sp1"
"319","Craterispermum gabonicum","Craterispermum sp1"
"320","Craterispermum ledermannii","Craterispermum sp1"
"321","Craterispermum parvifolium","Craterispermum sp1"
"322","Cremaspora","Cremaspora sp1"
"323","Croton","Croton sp1"
"324","Croton oligandrus","Croton oligandrus"
"325","Croton sylvaticus","Croton sylvaticus"
"326","Crotonogyne","Crotonogyne sp1"
"327","Crotonogyne gabunensis","Crotonogyne sp1"
"328","Crotonogyne manniana","Crotonogyne sp1"
"329","Crudia","Crudia sp1"
"330","Crudia gabonensis","Crudia gabonensis"
"331","Crudia harmsiana","Crudia harmsiana"
"332","Crudia klainei","Crudia klainei"
"333","Crudia liberica","Crudia sp1"
"334","Crudia zenkeri","Crudia zenkeri"
"335","Cryptosepalum","Cryptosepalum sp1"
"336","Cryptosepalum congolanum","Cryptosepalum congolanum"
"337","Cryptosepalum pellegrinianum","Cryptosepalum pellegrinianum"
"338","Ctenolophon englerianus","Ctenolophon englerianus"
"339","Cuviera","Cuviera sp1"
"340","Cuviera le-testui","Cuviera le-testui"
"341","Cylicodiscus gabunensis","Cylicodiscus gabunensis"
"342","Cynometra","Cynometra sp1"
"343","Cynometra mannii","Cynometra mannii"
"344","Cyrtogonone argentea","Cyrtogonone argentea"
"345","Dacryodes","Dacryodes sp1"
"346","Dacryodes buettneri","Dacryodes buettneri"
"347","Dacryodes camerunensis","Dacryodes sp1"
"348","Dacryodes ebatom","Dacryodes sp1"
"349","Dacryodes edulis","Dacryodes sp1"
"350","Dacryodes heterotricha","Dacryodes sp1"
"351","Dacryodes igaganga","Dacryodes sp1"
"352","Dacryodes klaineana","Dacryodes sp1"
"353","Dacryodes le-testui","Dacryodes sp1"
"354","Dacryodes ledermannii","Dacryodes sp1"
"355","Dacryodes macrophylla","Dacryodes sp1"
"356","Dacryodes normandii","Dacryodes normandii"
"357","Dacryodes osika","Dacryodes sp1"
"358","Dacryodes pubescens","Dacryodes sp1"
"359","Dacryodes villiersiana","Dacryodes sp1"
"360","Dactyladenia","Dactyladenia sp1"
"361","Dactyladenia barteri","Dactyladenia barteri"
"362","Dactyladenia bellayana","Dactyladenia bellayana"
"363","Dactyladenia campestris","Dactyladenia campestris"
"364","Dactyladenia chevalieri","Dactyladenia chevalieri"
"365","Dactyladenia eketensis","Dactyladenia eketensis"
"366","Dactyladenia floretii","Dactyladenia floretii"
"367","Dactyladenia floribunda","Dactyladenia floribunda"
"368","Dactyladenia jongkindii","Dactyladenia jongkindii"
"369","Dactyladenia lehmbachii","Dactyladenia lehmbachii"
"370","Dactyladenia letestui","Dactyladenia letestui"
"371","Dactyladenia librevillensis","Dactyladenia librevillensis"
"372","Dactyladenia pallescens","Dactyladenia pallescens"
"373","Dactyladenia sp2 aff staudtii","Dactyladenia sp1"
"374","Dactyladenia sp4","Dactyladenia sp1"
"375","Dactyladenia staudtii","Dactyladenia staudtii"
"376","Dalbergia","Dalbergia sp1"
"377","Daniellia","Daniellia sp1"
"378","Daniellia klainei","Daniellia sp1"
"379","Daniellia pynaertii","Daniellia sp1"
"380","Daniellia soyauxii","Daniellia sp1"
"381","Dasylepis","Dasylepis sp1"
"382","Dasylepis racemosa","Dasylepis sp1"
"383","Decorsella arborea","Decorsella arborea"
"384","Deinbollia","Deinbollia sp1"
"385","Deinbollia acuminata","Deinbollia sp1"
"386","Deinbollia rambaensis","Deinbollia sp1"
"387","Desbordesia","Desbordesia glaucescens"
"388","Desbordesia glaucescens","Desbordesia glaucescens"
"389","Desmostachys","Desmostachys sp1"
"390","Desmostachys oblongifolius","Desmostachys oblongifolius"
"391","Desplatsia","Desplatsia sp1"
"392","Desplatsia subericarpa","Desplatsia sp1"
"393","Detarium macrocarpum","Detarium macrocarpum"
"394","Dialium","Dialium sp1"
"395","Dialium aff. lopense Lachenaud","Dialium sp1"
"396","Dialium angolense","Dialium sp1"
"397","Dialium bipindense","Dialium sp1"
"398","Dialium corbisieri","Dialium sp1"
"399","Dialium dinklagei","Dialium dinklagei"
"400","Dialium englerianum","Dialium englerianum"
"401","Dialium eurysepalum","Dialium eurysepalum"
"402","Dialium guineense","Dialium sp1"
"403","Dialium lopense","Dialium lopense"
"404","Dialium pachyphyllum","Dialium sp1"
"405","Dialium sp1 aff angolense","Dialium sp1"
"406","Dialium sp3","Dialium sp1"
"407","Dialium sp4","Dialium sp1"
"408","Dialium tessmannii","Dialium tessmannii"
"409","Dialium zenkeri","Dialium sp1"
"410","Dichaetanthera africana","Dichaetanthera africana"
"411","Dichapetalum","Dichapetalum sp1"
"412","Dichapetalum angolense","Dichapetalum sp1"
"413","Dichapetalum barteri","Dichapetalum sp1"
"414","Dichapetalum glomeratum","Dichapetalum sp1"
"415","Dichapetalum insigne","Dichapetalum sp1"
"416","Dichapetalum integripetalum","Dichapetalum sp1"
"417","Dichostemma glaucescens","Dichostemma glaucescens"
"418","Didelotia","Didelotia sp1"
"419","Didelotia africana","Didelotia africana/letouzeyi"
"420","Didelotia brevipaniculata","Didelotia brevipaniculata"
"421","Didelotia letouzeyi","Didelotia africana/letouzeyi"
"422","Didelotia minutiflora","Didelotia minutiflora"
"423","Didelotia unifoliolata","Didelotia unifoliolata"
"424","Diogoa zenkeri","Diogoa zenkeri"
"425","Diospyros","Diospyros sp1"
"426","Diospyros abyssinica","Diospyros abyssinica"
"427","Diospyros barteri","Diospyros rubicunda"
"428","Diospyros bipindensis","Diospyros bipindensis"
"429","Diospyros boala","Diospyros boala"
"430","Diospyros cinnabarina","Diospyros cinnabarina/simulans"
"431","Diospyros cleistantha","Diospyros cleistantha"
"432","Diospyros conocarpa","Diospyros conocarpa"
"433","Diospyros crassiflora","Diospyros crassiflora"
"434","Diospyros dendo","Diospyros dendo"
"435","Diospyros fragrans","Diospyros fragrans"
"436","Diospyros gabunensis","Diospyros gabunensis"
"437","Diospyros gracilescens","Diospyros gracilescens"
"438","Diospyros gracilipes","Diospyros gracilipes"
"439","Diospyros hoyleana","Diospyros hoyleana"
"440","Diospyros iturensis","Diospyros iturensis"
"441","Diospyros kamerunensis","Diospyros kamerunensis"
"442","Diospyros korupensis","Diospyros korupensis"
"443","Diospyros mannii","Diospyros mannii"
"444","Diospyros melocarpa","Diospyros melocarpa"
"445","Diospyros obliquifolia","Diospyros obliquifolia"
"446","Diospyros physocalycina","Diospyros physocalycina"
"447","Diospyros piscatoria","Diospyros piscatoria"
"448","Diospyros platanoides","Diospyros platanoides"
"449","Diospyros polystemon","Diospyros polystemon"
"450","Diospyros preussii","Diospyros preussii"
"451","Diospyros pseudoiturensis","Diospyros pseudoiturensis"
"452","Diospyros pseudomespilus","Diospyros pseudomespilus"
"453","Diospyros rabiensis","Diospyros rabiensis"
"454","Diospyros rubicunda","Diospyros rubicunda"
"455","Diospyros sanza-minika","Diospyros sanza-minika"
"456","Diospyros simulans","Diospyros cinnabarina/simulans"
"457","Diospyros soyauxii","Diospyros soyauxii"
"458","Diospyros sp aff monbuttensis","Diospyros sp1"
"459","Diospyros sp.nov.1 aff cinnabarina","Diospyros sp1"
"460","Diospyros sp2 aff iturensis","Diospyros sp1"
"461","Diospyros sp8 aff melocarpa","Diospyros sp1"
"462","Diospyros suaveolens","Diospyros suaveolens"
"463","Diospyros subargentea","Diospyros subargentea"
"464","Diospyros vermoesenii","Diospyros vermoesenii"
"465","Diospyros viridicans","Diospyros viridicans"
"466","Diospyros wagemansii","Diospyros wagemansii"
"467","Diospyros zenkeri","Diospyros zenkeri"
"468","Discoglypremna caloneura","Discoglypremna caloneura"
"469","Distemonanthus benthamianus","Distemonanthus benthamianus"
"470","Dracaena","Dracaena sp1"
"471","Dracaena arborea","Dracaena arborea"
"472","Dracaena laxissima","Dracaena laxissima"
"473","Dracaena mannii","Dracaena mannii"
"474","Drypetes","Drypetes sp1"
"475","Drypetes aframensis","Drypetes aframensis"
"476","Drypetes arborescens","Drypetes arborescens"
"477","Drypetes aylmeri","Drypetes aylmeri"
"478","Drypetes bakembei","Drypetes bakembei"
"479","Drypetes capillipes","Drypetes capillipes"
"480","Drypetes celastrinea","Drypetes celastrinea"
"481","Drypetes chevalieri","Drypetes chevalieri"
"482","Drypetes cinnabarina","Drypetes cinnabarina"
"483","Drypetes diopa","Drypetes diopa"
"484","Drypetes floribunda","Drypetes floribunda"
"485","Drypetes gabonensis","Drypetes gabonensis"
"486","Drypetes gilgiana","Drypetes gilgiana"
"487","Drypetes gossweileri","Drypetes gossweileri"
"488","Drypetes inaequalis","Drypetes inaequalis"
"489","Drypetes ituriensis","Drypetes ituriensis"
"490","Drypetes klaineana","Drypetes klaineana"
"491","Drypetes laciniata","Drypetes laciniata"
"492","Drypetes occidentalis","Drypetes occidentalis"
"493","Drypetes paxii","Drypetes paxii"
"494","Drypetes pellegrinii","Drypetes pellegrinii"
"495","Drypetes polyantha","Drypetes polyantha"
"496","Drypetes preussii","Drypetes preussii"
"497","Drypetes similis","Drypetes similis"
"498","Drypetes sp14 aff gabonensis","Drypetes sp14 aff gabonensis"
"499","Drypetes sp2 aff gilgiana","Drypetes sp2 aff gilgiana"
"500","Drypetes spinosodentata","Drypetes spinosodentata"
"501","Drypetes staudtii","Drypetes staudtii"
"502","Drypetes verrucosa","Drypetes verrucosa"
"503","Duboscia macrocarpa","Duboscia macrocarpa"
"504","Duguetia","Duguetia sp1"
"505","Duguetia barteri","Duguetia barteri"
"506","Duguetia confinis","Duguetia confinis"
"507","Duguetia dilabens","Duguetia dilabens"
"508","Duguetia staudtii","Duguetia staudtii"
"509","Ehretia cymosa","Ehretia cymosa"
"510","Elaeis guineensis","Elaeis guineensis"
"511","Elaeophorbia grandifolia","Elaeophorbia grandifolia"
"512","Empogona bequaertii","Empogona sp1"
"513","Empogona breteleri","Empogona sp1"
"514","Endodesmia calophylloides","Endodesmia calophylloides"
"515","Englerodendron","Englerodendron sp1"
"516","Englerodendron conchyliophorum","Englerodendron conchyliophorum"
"517","Englerodendron gabunense","Englerodendron gabunense/graciliflorum"
"518","Englerodendron graciliflorum","Englerodendron gabunense/graciliflorum"
"519","Englerodendron hallei","Englerodendron hallei"
"520","Englerodendron obanense","Englerodendron obanense/triplisomere"
"521","Englerodendron triplisomere","Englerodendron obanense/triplisomere"
"522","Englerophytum","Englerophytum sp1"
"523","Englerophytum congolensis","Englerophytum congolensis"
"524","Englerophytum ferrugineum","Englerophytum ferrugineum"
"525","Englerophytum gigantifolium","Englerophytum gigantifolium"
"526","Englerophytum mayumbense","Englerophytum mayumbense"
"527","Englerophytum paludosum","Englerophytum paludosum"
"528","Englerophytum stelechantha","Englerophytum stelechantha"
"529","Engomegoma gordonii","Engomegoma gordonii"
"530","Entada mannii","Entada mannii"
"531","Entandrophragma","Entandrophragma sp1"
"532","Entandrophragma angolense","Entandrophragma angolense"
"533","Entandrophragma candollei","Entandrophragma candollei"
"534","Entandrophragma congoense","Entandrophragma congoense"
"535","Entandrophragma cylindricum","Entandrophragma cylindricum"
"536","Entandrophragma utile","Entandrophragma utile"
"537","Eribroma oblonga","Eribroma oblongum"
"538","Eribroma oblongum","Eribroma oblongum"
"539","Eriocoelum","Eriocoelum sp1"
"540","Eriocoelum kerstingii","Eriocoelum sp1"
"541","Eriocoelum macrocarpum","Eriocoelum sp1"
"542","Eriocoelum oblongum","Eriocoelum sp1"
"543","Eriocoelum paniculatum","Eriocoelum sp1"
"544","Eriocoelum petiolare","Eriocoelum petiolare"
"545","Eriocoelum racemosum","Eriocoelum sp1"
"546","Erismadelphus exsul","Erismadelphus sp1"
"547","Erismadelphus exsul var. platyphyllus","Erismadelphus sp1"
"548","Erismadelphus sessilis","Erismadelphus sp1"
"549","Erythrina","Erythrina sp1"
"550","Erythrophleum ivorense","Erythrophleum ivorense"
"551","Erythrophleum lasianthum","Erythrophleum suaveolens"
"552","Erythrophleum suaveolens","Erythrophleum suaveolens"
"553","Erythroxylum mannii","Erythroxylum mannii"
"554","Euclinia longiflora","Euclinia longiflora"
"555","Eugenia","Eugenia sp1"
"556","Eugenia fernandopoana","Eugenia sp1"
"557","Eugenia klaineana","Eugenia klaineana"
"558","Euonymus congolensis","Wilczekra gabonica"
"559","Eurypetalum tessmannii","Eurypetalum tessmannii"
"560","Fegimanra africana","Fegimanra africana"
"561","Fernandoa","Fernandoa sp1"
"562","Fernandoa adolfi-friderici","Fernandoa adolfi-friderici"
"563","Fernandoa ferdinandi","Fernandoa ferdinandi"
"564","Ficus","Ficus sp1"
"565","Ficus exasperata","Ficus sp1"
"566","Ficus kamerunensis","Ficus sp1"
"567","Ficus mucuso","Ficus sp1"
"568","Fillaeopsis discophora","Fillaeopsis discophora"
"569","Funtumia africana","Funtumia africana"
"570","Gabonius ngouniensis","Gabonius ngouniensis"
"571","Gaertnera","Gaertnera sp1"
"572","Gaertnera paniculata","Gaertnera paniculata"
"573","Ganophyllum giganteum","Ganophyllum giganteum"
"574","Garcinia","Garcinia sp1"
"575","Garcinia afzelii","Garcinia afzelii/epunctata/preussii"
"576","Garcinia conrauana","Garcinia conrauana"
"577","Garcinia epunctata","Garcinia afzelii/epunctata/preussii"
"578","Garcinia kola","Garcinia kola"
"579","Garcinia le-testui","Garcinia le-testui"
"580","Garcinia lucida","Garcinia lucida"
"581","Garcinia mannii","Garcinia mannii"
"582","Garcinia obliqua","Garcinia obliqua"
"583","Garcinia ovalifolia","Garcinia ovalifolia"
"584","Garcinia preussii","Garcinia afzelii/epunctata/preussii"
"585","Garcinia punctata","Garcinia punctata"
"586","Garcinia quadrifaria","Garcinia quadrifaria"
"587","Garcinia quadrifaria var. chromocarpa","Garcinia quadrifaria"
"588","Garcinia smeathmannii","Garcinia smeathmannii"
"589","Garcinia sp nov 1","Garcinia sp nov 1"
"590","Garcinia sp1 aff.preussii","Garcinia sp1 aff.preussii"
"591","Garcinia sp11 aff conrauana","Garcinia sp11 aff conrauana"
"592","Garcinia sp4 aff chromocarpa","Garcinia sp4 aff chromocarpa"
"593","Garcinia sp5 aff chromocarpa","Garcinia sp5 aff chromocarpa"
"594","Gardenia","Gardenia sp1"
"595","Gardenia imperialis","Gardenia imperialis"
"596","Gilbertiodendron","Gilbertiodendron sp1"
"597","Gilbertiodendron brachystegioides","Gilbertiodendron sp1"
"598","Gilbertiodendron demonstrans","Gilbertiodendron sp1"
"599","Gilbertiodendron dewevrei","Gilbertiodendron dewevrei"
"600","Gilbertiodendron diphyllum","Gilbertiodendron diphyllum"
"601","Gilbertiodendron ecoukense","Gilbertiodendron sp1"
"602","Gilbertiodendron grandistipulatum","Gilbertiodendron grandistipulatum"
"603","Gilbertiodendron klainei","Gilbertiodendron klainei"
"604","Gilbertiodendron mayombense","Gilbertiodendron sp1"
"605","Gilbertiodendron ngouniense","Gilbertiodendron sp1"
"606","Gilbertiodendron ogoouense","Gilbertiodendron sp1"
"607","Gilbertiodendron sp1 aff unijugum","Gilbertiodendron sp1"
"608","Gilbertiodendron stipulaceum","Gilbertiodendron stipulaceum"
"609","Gilbertiodendron sulfureum","Gilbertiodendron sp1"
"610","Gilbertiodendron unijugum","Gilbertiodendron unijugum"
"611","Gilletiodendron pierreanum","Gilletiodendron pierreanum"
"612","Glenniea unijugata","Glenniea unijugata"
"613","Globulostylis cuvieroides","Globulostylis cuvieroides"
"614","Glossocalyx","Glossocalyx sp1"
"615","Glossocalyx longicuspis","Glossocalyx sp1"
"616","Gluema","Gluema sp1"
"617","Glyphaea brevis","Glyphaea brevis"
"618","Greenwayodendron","Greenwayodendron sp1"
"619","Greenwayodendron gabonicum","Greenwayodendron gabonicum"
"620","Greenwayodendron glabrum","Greenwayodendron glabrum"
"621","Greenwayodendron suaveolens","Greenwayodendron suaveolens"
"622","Grewia","Microcos sp1"
"623","Grewia brunnea","Microcos sp1"
"624","Grewia coriacea","Microcos coriacea"
"625","Grossera","Grossera sp1"
"626","Grossera macrantha","Grossera macrantha"
"627","Grossera paniculata","Grossera paniculata"
"628","Guarea","Guarea sp1"
"629","Guibourtia","Guibourtia sp1"
"630","Guibourtia arnoldiana","Guibourtia arnoldiana"
"631","Guibourtia demeusei","Guibourtia demeusei"
"632","Guibourtia ehie","Guibourtia ehie"
"633","Guibourtia pellegriniana","Guibourtia pellegriniana/tessmannii"
"634","Guibourtia sp. nov. O. Lachenaud","Guibourtia ehie"
"635","Guibourtia sp1 aff arnoldiana","Guibourtia sp1"
"636","Guibourtia tessmannii","Guibourtia pellegriniana/tessmannii"
"637","Gymnanthes","Gymnanthes inopinata"
"638","Gymnanthes inopinata","Gymnanthes inopinata"
"639","Haplormosia monophylla","Haplormosia monophylla"
"640","Harungana madagascariensis","Harungana madagascariensis"
"641","Heckeldora","Heckeldora sp1"
"642","Heckeldora staudtii","Heckeldora sp1"
"643","Heinsenia","Heinsenia sp1"
"644","Heinsia","Heinsia crinita"
"645","Heinsia crinita","Heinsia crinita"
"646","Heisteria","Heisteria sp1"
"647","Heisteria parvifolia","Heisteria parvifolia"
"648","Heisteria trillesiana","Heisteria zimmereri"
"649","Heisteria zimmereri","Heisteria zimmereri"
"650","Hemandradenia","Hemandradenia sp1"
"651","Hemandradenia chevalieri","Hemandradenia sp1"
"652","Hemandradenia mannii","Hemandradenia sp1"
"653","Hexalobus","Hexalobus sp1"
"654","Hexalobus crispiflorus","Hexalobus sp1"
"655","Homalium","Homalium sp1"
"656","Homalium africanum","Homalium africanum"
"657","Homalium dewevrei","Homalium dewevrei"
"658","Homalium fulviflorum","Homalium fulviflorum"
"659","Homalium le-testui","Homalium letestui"
"660","Homalium letestui","Homalium letestui"
"661","Homalium longistylum","Homalium longistylum"
"662","Homalium stipulaceum","Homalium stipulaceum"
"663","Hoplestigma klaineanum","Hoplestigma klaineanum"
"664","Hua gabonii","Hua gabonii"
"665","Hunteria","Hunteria sp1"
"666","Hunteria umbellata","Hunteria umbellata"
"667","Hylodendron gabunense","Hylodendron gabunense"
"668","Hymenocardia ulmoides","Hymenocardia ulmoides"
"669","Hymenostegia","Hymenostegia sp1"
"670","Hymenostegia elegans","Hymenostegia elegans"
"671","Hymenostegia felicis","Hymenostegia felicis/mundungu/pellegrinii"
"672","Hymenostegia floribunda","Hymenostegia floribunda"
"673","Hymenostegia klainei","Hymenostegia klainei"
"674","Hymenostegia mundungu","Hymenostegia felicis/mundungu/pellegrinii"
"675","Hymenostegia neoaubrevillei","Hymenostegia neoaubrevillei"
"676","Hymenostegia normandii","Hymenostegia normandii"
"677","Hymenostegia pellegrinii","Hymenostegia felicis/mundungu/pellegrinii"
"678","Hypodaphnis zenkeri","Hypodaphnis zenkeri"
"679","Icacina mannii","Icacina mannii"
"680","Irvingia","Irvingia sp1"
"681","Irvingia excelsa","Irvingia excelsa"
"682","Irvingia gabonensis","Irvingia gabonensis"
"683","Irvingia grandifolia","Irvingia grandifolia"
"684","Irvingia robur","Irvingia robur"
"685","Irvingia wombolu","Irvingia gabonensis"
"686","Isolona","Isolona sp1"
"687","Isolona hexaloba","Isolona hexaloba"
"688","Isolona zenkeri","Isolona zenkeri"
"689","Isomacrolobium sp2","Englerodendron sp1"
"690","Ixora","Ixora sp1"
"691","Jollydora duparquetiana","Jollydora duparquetiana"
"692","Julbernardia","Julbernardia sp1"
"693","Julbernardia brieyi","Julbernardia brieyi"
"694","Julbernardia hochreutineri","Julbernardia hochreutineri"
"695","Julbernardia pellegriniana","Julbernardia pellegriniana"
"696","Julbernardia seretii","Julbernardia seretii"
"697","Keetia","Keetia sp1"
"698","Khaya ivorensis","Khaya ivorensis"
"699","Kigelia africana","Kigelia africana"
"700","Klaineanthus","Klaineanthus gabonii"
"701","Klaineanthus gabonii","Klaineanthus gabonii"
"702","Klainedoxa","Klainedoxa sp1"
"703","Klainedoxa gabonensis","Klainedoxa sp1"
"704","Klainedoxa trillesii","Klainedoxa sp1"
"705","Korupodendron songweanum","Korupodendron songweanum"
"706","Laccodiscus","Laccodiscus sp1"
"707","Laccodiscus klaineanus","Laccodiscus klaineanus"
"708","Laccodiscus pseudostipularis","Laccodiscus pseudostipularis"
"709","Lannea welwitschii","Lannea welwitschii"
"710","Lasianthera africana","Lasianthera africana"
"711","Lasianthus","Lasianthus sp1"
"712","Lasiodiscus","Lasiodiscus sp1"
"713","Lasiodiscus fasciculiflorus","Lasiodiscus fasciculiflorus"
"714","Lasiodiscus mannii","Lasiodiscus mannii"
"715","Lebruniodendron leptanthum","Lebruniodendron leptanthum"
"716","Lecaniodiscus cupanioides","Lecaniodiscus cupanioides"
"717","Lecomtedoxa","Lecomtedoxa sp1"
"718","Lecomtedoxa biraudii","Lecomtedoxa biraudii"
"719","Lecomtedoxa klaineana","Lecomtedoxa klaineana"
"720","Lecomtedoxa nogo","Lecomtedoxa nogo"
"721","Lecomtedoxa saint-aubinii","Lecomtedoxa saint-aubinii"
"722","Leeuwenbergia","Leeuwenbergia sp1"
"723","Leonardoxa africana","Leonardoxa africana"
"724","Leonardoxa africana subsp. gracilicaulis","Leonardoxa africana"
"725","Lepidobotrys staudtii","Lepidobotrys staudtii"
"726","Lepisanthes senegalensis","Lepisanthes senegalensis"
"727","Leplaea cedrata","Leplaea cedrata"
"728","Leplaea mayombensis","Leplaea mayombensis"
"729","Leplaea thompsonii","Leplaea thompsonii"
"730","Leptactina arborescens","Leptactina arborescens"
"731","Leptaulus","Leptaulus sp1"
"732","Leptaulus congolanus","Leptaulus zenkeri/holstii"
"733","Leptaulus daphnoides","Leptaulus daphnoides"
"734","Leptaulus grandifolius","Leptaulus grandifolius"
"735","Leptaulus zenkeri","Leptaulus zenkeri/holstii"
"736","Leptonychia","Leptonychia sp1"
"737","Leptonychia echinocarpa","Leptonychia sp1"
"738","Letestua durissima","Letestua durissima"
"739","Librevillea klainei","Librevillea klainei"
"740","Licania elaeosperma","Licania elaeosperma"
"741","Lijndenia barteri","Lijndenia barteri"
"742","Loesenera gabonensis","Loesenera gabonensis"
"743","Lophira alata","Lophira alata"
"744","Lovoa trichilioides","Lovoa trichilioides"
"745","Lychnodiscus","Lychnodiscus sp1"
"746","Lychnodiscus brevibracteatus","Lychnodiscus brevibracteatus"
"747","Lychnodiscus grandifolius","Lychnodiscus grandifolius"
"748","Macaranga","Macaranga sp1"
"749","Macaranga barteri","Macaranga barteri"
"750","Macaranga gabunica","Macaranga sp1"
"751","Macaranga monandra","Macaranga monandra"
"752","Macaranga schweinfurthii","Macaranga schweinfurthii"
"753","Macaranga spinosa","Macaranga spinosa"
"754","Macaranga staudtii","Macaranga staudtii"
"755","Maerua duchesnei","Maerua duchesnei"
"756","Maesobotrya","Maesobotrya sp1"
"757","Maesobotrya barteri","Maesobotrya barteri"
"758","Maesobotrya bertramiana","Maesobotrya bertramiana"
"759","Maesobotrya bipindensis","Maesobotrya griffoniana"
"760","Maesobotrya cordulata","Maesobotrya cordulata"
"761","Maesobotrya floribunda","Maesobotrya floribunda"
"762","Maesobotrya griffoniana","Maesobotrya griffoniana"
"763","Maesobotrya klaineana","Maesobotrya klaineana"
"764","Maesobotrya longipes","Maesobotrya longipes"
"765","Maesobotrya pauciflora","Maesobotrya pauciflora"
"766","Maesobotrya sp. nov. O. Lachenaud","Maesobotrya sp. nov. O. Lachenaud"
"767","Maesobotrya staudtii","Maesobotrya barteri"
"768","Maesopsis eminii","Maesopsis eminii"
"769","Magnistipula","Magnistipula sp1"
"770","Magnistipula bimarsupiata","Magnistipula bimarsupiata"
"771","Magnistipula cupheiflora","Magnistipula sp1"
"772","Magnistipula cupheiflora subsp. cupheiflora","Magnistipula sp1"
"773","Magnistipula glaberrima","Magnistipula sp1"
"774","Magnistipula multinervia","Magnistipula sp1"
"775","Magnistipula sp.nov.1","Magnistipula sp1"
"776","Magnistipula sp.nov.2","Magnistipula sp1"
"777","Magnistipula sp1 aff glaberrima","Magnistipula sp1"
"778","Magnistipula tessmannii","Magnistipula tessmannii"
"779","Magnistipula zenkeri","Magnistipula zenkeri"
"780","Malouetia mildbraedii","Malouetia mildbraedii"
"781","Mammea africana","Mammea sp1"
"782","Mammea usambarensis","Mammea sp1"
"783","Manilkara","Manilkara sp1"
"784","Manilkara fouilloyana","Manilkara sp1"
"785","Manilkara microphylla","Manilkara sp1"
"786","Manilkara obovata","Manilkara sp1"
"787","Maprounea africana","Maprounea africana"
"788","Maprounea membranacea","Maprounea membranacea"
"789","Maranthes","Maranthes sp1"
"790","Maranthes aubrevillei","Maranthes aubrevillei"
"791","Maranthes chrysophylla","Maranthes chrysophylla"
"792","Maranthes gabunensis","Maranthes gabunensis"
"793","Maranthes glabra","Maranthes glabra"
"794","Mareya","Mareya sp1"
"795","Mareya brevipes","Mareya brevipes"
"796","Mareya micrantha","Mareya micrantha"
"797","Mareyopsis","Mareyopsis sp1"
"798","Mareyopsis longifolia","Mareyopsis sp1"
"799","Mareyopsis oligogyna","Mareyopsis sp1"
"800","Margaritaria discoidea","Margaritaria discoidea"
"801","Markhamia tomentosa","Markhamia tomentosa"
"802","Massularia acuminata","Massularia acuminata"
"803","Meiocarpidium oliverianum","Meiocarpidium oliverianum"
"804","Memecylon","Memecylon sp1"
"805","Memecylon aequidianum","Memecylon aequidianum"
"806","Memecylon bretelerianum","Memecylon sp1"
"807","Memecylon collinum","Memecylon collinum"
"808","Memecylon diluviorum","Memecylon diluviorum"
"809","Memecylon filamentosum sp. nov.","Memecylon filamentosum sp. nov."
"810","Memecylon klaineanum","Memecylon sp1"
"811","Memecylon lateriflorum","Memecylon sp1"
"812","Microberlinia brazzavillensis","Microberlinia brazzavillensis"
"813","Microcos barombiensis","Microcos barombiensis"
"814","Microcos pinnatifida","Microcos pinnatifida"
"815","Microdesmis","Microdesmis sp1"
"816","Microdesmis afrodecandra","Microdesmis sp1"
"817","Microdesmis keayana","Microdesmis sp1"
"818","Microdesmis klainei","Microdesmis sp1"
"819","Microdesmis pierlotiana","Microdesmis sp1"
"820","Microdesmis puberula","Microdesmis sp1"
"821","Milicia excelsa","Milicia excelsa"
"822","Millettia","Millettia sp1"
"823","Millettia griffoniana","Millettia griffoniana"
"824","Millettia laurentii","Millettia laurentii"
"825","Millettia mannii","Millettia mannii"
"826","Millettia wellensii","Millettia wellensii"
"827","Mitragyna ledermannii","Mitragyna ledermannii"
"828","Monanthotaxis","Monanthotaxis sp1"
"829","Monodora","Monodora sp1"
"830","Monodora angolensis","Monodora sp1"
"831","Monodora myristica","Monodora myristica"
"832","Morinda lucida","Morinda lucida"
"833","Musanga cecropioides","Musanga cecropioides"
"834","Myrianthus arboreus","Myrianthus arboreus"
"835","Myrianthus cuneifolius","Myrianthus cuneifolius"
"836","Myrianthus preussii subsp. seretii","Myrianthus preussii"
"837","Myrianthus serratus","Myrianthus serratus"
"838","Myrianthus serratus var. letestui","Myrianthus serratus"
"839","Napoleonaea","Napoleonaea sp1"
"840","Napoleonaea angolensis","Napoleonaea angolensis"
"841","Napoleonaea cuneata","Napoleonaea cuneata"
"842","Napoleonaea gabonensis","Napoleonaea gabonensis"
"843","Napoleonaea talbotii","Napoleonaea talbotii"
"844","Napoleonaea vogelii","Napoleonaea vogelii"
"845","Nauclea","Nauclea sp1"
"846","Nauclea diderrichii","Nauclea diderrichii"
"847","Nauclea gilletii","Nauclea gilletii"
"848","Nauclea pobeguinii","Nauclea pobeguinii"
"849","Nauclea vanderguchtii","Nauclea vanderguchtii"
"850","Necepsia afzelii","Necepsia afzelii"
"851","Necepsia afzelii subsp. zenkeri","Necepsia afzelii"
"852","Neochevalierodendron","Neochevalierodendron stephanii"
"853","Neochevalierodendron stephanii","Neochevalierodendron stephanii"
"854","Neoguarea glomerulata","Neoguarea glomerulata"
"855","Neolemonniera batesii","Neolemonniera batesii"
"856","Neostenanthera gabonensis","Neostenanthera gabonensis"
"857","Neostenanthera robsonii","Neostenanthera robsonii"
"858","Nesogordonia","Nesogordonia sp1"
"859","Nesogordonia kabingaensis","Nesogordonia kabingaensis"
"860","Nesogordonia kabingaensis var. leplaei","Nesogordonia kabingaensis"
"861","Newbouldia laevis","Newbouldia laevis"
"862","Newtonia","Newtonia sp1"
"863","Newtonia devredii","Newtonia devredii"
"864","Newtonia duncanthomasii","Newtonia duncanthomasii"
"865","Newtonia duparquetiana","Newtonia duparquetiana"
"866","Newtonia glandulifera","Newtonia glandulifera"
"867","Newtonia grandifolia","Newtonia grandifolia"
"868","Newtonia griffoniana","Newtonia griffoniana"
"869","Newtonia leucocarpa","Newtonia leucocarpa"
"870","Noronhia","Noronhia sp1"
"871","Nothospondias staudtii","Nothospondias staudtii"
"872","Ochna","Ochna sp1"
"873","Ochna afzelii","Ochna sp1"
"874","Ochna calodendron","Ochna sp1"
"875","Ochna latisepala","Ochna sp1"
"876","Ochna membranacea","Ochna sp1"
"877","Ocotea aff michelsonii","Ocotoea aff michelsonii"
"878","Octoknema","Octoknema sp1"
"879","Octoknema affinis","Octoknema sp1"
"880","Octoknema dinklagei","Octoknema sp1"
"881","Octoknema genovefae","Octoknema sp1"
"882","Octoknema klaineana","Octoknema sp1"
"883","Octolepis casearia","Octolepis casearia"
"884","Octolobus","Octolobus sp1"
"885","Octolobus heteromerus","Octolobus heteromerus"
"886","Octolobus spectabilis","Octolobus spectabilis"
"887","Oddoniodendron","Oddoniodendron sp1"
"888","Oddoniodendron micranthum","Oddoniodendron sp1"
"889","Oddoniodendron normandii","Oddoniodendron sp1"
"890","Olax","Olax sp1"
"891","Olax latifolia","Olax sp1"
"892","Olax subscorpioidea","Olax subscorpioidea"
"893","Olax subscorpioides","Olax subscorpioidea"
"894","Oldfieldia africana","Oldfieldia africana"
"895","Omphalocarpum","Omphalocarpum sp1"
"896","Omphalocarpum elatum","Omphalocarpum elatum"
"897","Omphalocarpum procerum","Omphalocarpum procerum"
"898","Oncoba","Oncoba sp1"
"899","Oncoba breteleri","Oncoba breteleri"
"900","Oncoba crepiniana","Oncoba crepiniana"
"901","Oncoba dentata","Oncoba dentata"
"902","Oncoba flagelliflora","Oncoba flagelliflora"
"903","Oncoba glauca","Oncoba glauca"
"904","Oncoba mannii","Oncoba mannii"
"905","Oncoba ngounyensis","Oncoba ngounyensis"
"906","Oncoba welwitschii","Oncoba welwitschii"
"907","Ongokea gore","Ongokea gore"
"908","Oubanguia","Oubanguia sp1"
"909","Oubanguia africana","Oubanguia sp1"
"910","Oxyanthus gracilis","Oxyanthus gracilis/subpunctatus"
"911","Oxyanthus schumannianus","Oxyanthus schumannianus"
"912","Oxyanthus speciosus","Oxyanthus speciosus"
"913","Oxyanthus subpunctatus","Oxyanthus gracilis/subpunctatus"
"914","Pachyelasma tessmannii","Pachyelasma tessmannii"
"915","Pachystela buluensis","Pachystela buluensis"
"916","Pancovia","Pancovia sp1"
"917","Pancovia bijuga","Pancovia sp1"
"918","Pancovia floribunda","Pancovia sp1"
"919","Pancovia harmsiana","Pancovia sp1"
"920","Pancovia laurentii","Pancovia laurentii"
"921","Pancovia le-testui","Pancovia sp1"
"922","Pancovia turbinata","Pancovia sp1"
"923","Panda oleosa","Panda oleosa"
"924","Pandanus","Pandanus sp1"
"925","Parinari","Parinari sp1"
"926","Parinari excelsa","Parinari excelsa"
"927","Parinari hypochrysea","Parinari hypochrysea"
"928","Parkia","Parkia sp1"
"929","Parkia bicolor","Parkia bicolor"
"930","Parkia filicoidea","Parkia filicoidea"
"931","Paropsia gabonica","Paropsia gabonica"
"932","Paropsia grewioides","Paropsia grewioides"
"933","Paropsia guineensis","Paropsia guineensis"
"934","Paropsiopsis","Paropsiopsis sp1"
"935","Paropsiopsis decandra","Paropsiopsis decandra"
"936","Pauridiantha","Pauridiantha sp1"
"937","Pauridiantha callicarpoides","Pauridiantha callicarpoides"
"938","Pauridiantha dewevrei","Pauridiantha dewevrei"
"939","Pauridiantha floribunda","Pauridiantha floribunda"
"940","Pauridiantha mayumbensis","Pauridiantha mayumbensis"
"941","Pausinystalia","Corynanthe sp1"
"942","Pavetta","Pavetta sp1"
"943","Pentabrachion reticulatum","Pentabrachion reticulatum"
"944","Pentaclethra eetveldeana","Pentaclethra eetveldeana"
"945","Pentaclethra macrophylla","Pentaclethra macrophylla"
"946","Pentadesma","Pentadesma sp1"
"947","Pentadesma butyracea","Pentadesma butyracea"
"948","Pentadesma grandifolia","Pentadesma grandifolia"
"949","Persea americana","Persea americana"
"950","Petersianthus macrocarpus","Petersianthus macrocarpus"
"951","Phyllanthus","Phyllanthus sp1"
"952","Phyllocosmus","Phyllocosmus sp1"
"953","Phyllocosmus africanus","Phyllocosmus africanus"
"954","Phyllocosmus calothyrsus","Phyllocosmus calothyrsus"
"955","Phyllocosmus sessiliflorus","Phyllocosmus sessiliflorus"
"956","Picralima nitida","Picralima nitida"
"957","Pierreodendron africanum","Pierreodendron africanum"
"958","Pinacopodium","Pinacopodium congolense"
"959","Pinacopodium congolense","Pinacopodium congolense"
"960","Piptadeniastrum africanum","Piptadeniastrum africanum"
"961","Piptostigma","Piptostigma sp1"
"962","Piptostigma goslineanum","Piptostigma sp1"
"963","Piptostigma macranthum","Piptostigma sp1"
"964","Piptostigma multinervium","Piptostigma sp1"
"965","Placodiscus","Placodiscus sp1"
"966","Placodiscus caudatus","Placodiscus sp1"
"967","Placodiscus oblongifolius","Placodiscus sp1"
"968","Placodiscus opacus","Placodiscus sp1"
"969","Placodiscus resendeanus","Placodiscus resendeanus"
"970","Plagiocladus diandrus","Plagiocladus diandrus"
"971","Plagiosiphon","Plagiosiphon sp1"
"972","Plagiosiphon emarginatus","Plagiosiphon emarginatus"
"973","Plagiosiphon gabonensis","Plagiosiphon gabonensis"
"974","Plagiosiphon longitubus","Plagiosiphon longitubus"
"975","Plagiosiphon multijugus","Plagiosiphon multijugus"
"976","Plagiosiphon sp1 aff multijugus","Plagiosiphon sp1"
"977","Plagiostyles africana","Plagiostyles africana"
"978","Pleioceras","Pleioceras sp1"
"979","Pleioceras zenkeri","Pleioceras zenkeri"
"980","Poga oleosa","Poga oleosa"
"981","Poggea gossweileri","Poggea gossweileri"
"982","Pogonophora letouzeyi","Pogonophora letouzeyi"
"983","Polyceratocarpus","Polyceratocarpus sp1"
"984","Polyceratocarpus angustifolius","Polyceratocarpus angustifolius"
"985","Polyceratocarpus microtrichus","Polyceratocarpus microtrichus"
"986","Polyceratocarpus parviflorus","Polyceratocarpus parviflorus"
"987","Polyceratocarpus pellegrinii","Polyceratocarpus pellegrinii"
"988","Polyscias fulva","Polyscias fulva"
"989","Pouteria altissima","Pouteria altissima"
"990","Premna angolensis","Premna angolensis"
"991","Prioria","Prioria sp1"
"992","Prioria balsamifera","Prioria balsamifera"
"993","Prioria buchholzii","Prioria buchholzii"
"994","Prioria joveri","Prioria joveri"
"995","Prioria oxyphylla","Prioria oxyphylla"
"996","Protomegabaria","Protomegabaria sp1"
"997","Protomegabaria macrophylla","Protomegabaria macrophylla"
"998","Protomegabaria stapfiana","Protomegabaria stapfiana"
"999","Pseudagrostistachys ugandensis","Pseudagrostistachys africana"
"1000","Pseudospondias","Pseudospondias sp1"
"1001","Pseudospondias longifolia","Pseudospondias sp1"
"1002","Pseudospondias microcarpa","Pseudospondias sp1"
"1003","Psorospermum tenuifolium","Psorospermum tenuifolium"
"1004","Psychotria","Psychotria sp1"
"1005","Psychotria densinervia","Psychotria sp1"
"1006","Psychotria dermatophylla","Psychotria dermatophylla"
"1007","Psychotria gabonica","Psychotria sp1"
"1008","Psychotria venosa","Psychotria venosa"
"1009","Psydrax","Psydrax sp1"
"1010","Psydrax arnoldiana","Psydrax arnoldiana"
"1011","Psydrax gilletii","Psydrax gilletii"
"1012","Psydrax palma","Psydrax palma"
"1013","Psydrax sanguinolenta","Psydrax sanguinolenta"
"1014","Psydrax splendens","Psydrax splendens"
"1015","Psydrax welwitschii","Psydrax welwitschii"
"1016","Pteleopsis hylodendron","Pteleopsis hylodendron"
"1017","Pterocarpus","Pterocarpus sp1"
"1018","Pterocarpus mildbraedii","Pterocarpus mildbraedii"
"1019","Pterocarpus soyauxii","Pterocarpus soyauxii"
"1020","Pterygota bequaertii","Pterygota bequaertii"
"1021","Ptychopetalum petiolatum","Ptychopetalum petiolatum"
"1022","Pycnanthus angolensis","Pycnanthus angolensis"
"1023","Pycnocoma cornuta","Pycnocoma cornuta"
"1024","Quassia africana","Quassia africana"
"1025","Quassia gabonensis","Quassia gabonensis"
"1026","Quassia silvestris","Quassia silvestris"
"1027","Radlkofera calodendron","Radlkofera calodendron"
"1028","Rauvolfia","Rauvolfia sp1"
"1029","Rauvolfia caffra","Rauvolfia caffra"
"1030","Rauvolfia letouzeyi","Rauvolfia letouzeyi"
"1031","Rauvolfia vomitoria","Rauvolfia vomitoria"
"1032","Rhabdophyllum","Rhabdophyllum sp1"
"1033","Rhabdophyllum arnoldianum","Rhabdophyllum arnoldianum"
"1034","Rhabdophyllum calophyllum","Rhabdophyllum calophyllum"
"1035","Rhabdophyllum letestui","Rhabdophyllum letestui"
"1036","Rhaphiostylis ferruginea","Rhaphiostylis ferruginea"
"1037","Rhaptopetalum","Rhaptopetalum sp1"
"1038","Rhaptopetalum coriaceum","Rhaptopetalum coriaceum"
"1039","Rhaptopetalum roseum","Rhaptopetalum roseum"
"1040","Rhaptopetalum sindarense","Rhaptopetalum sindarense"
"1041","Ricinodendron heudelotii","Ricinodendron heudelotii"
"1042","Rinorea","Rinorea sp1"
"1043","Rinorea angustifolia","Rinorea angustifolia/caudata"
"1044","Rinorea brachypetala","Rinorea sp1"
"1045","Rinorea cerasifolia","Rinorea cerasifolia"
"1046","Rinorea dentata","Rinorea sp1"
"1047","Rinorea gabunensis","Rinorea sp1"
"1048","Rinorea ilicifolia","Rinorea ilicifolia"
"1049","Rinorea kamerunensis","Rinorea sp1"
"1050","Rinorea longicuspis","Rinorea longicuspis"
"1051","Rinorea longisepala","Rinorea longisepala"
"1052","Rinorea oblongifolia","Rinorea oblongifolia"
"1053","Rinorea parviflora","Rinorea sp1"
"1054","Rinorea subsessilis","Rinorea sp1"
"1055","Rinorea verrucosa","Rinorea sp1"
"1056","Rinorea welwitschii","Rinorea welwitschii"
"1057","Rinorea woermanniana","Rinorea sp1"
"1058","Ritchiea","Ritchiea sp1"
"1059","Ritchiea aprevaliana","Ritchiea aprevaliana"
"1060","Rothmannia","Rothmannia sp1"
"1061","Rothmannia jollyana","Rothmannia jollyana/longiflora"
"1062","Rothmannia lateriflora","Rothmannia lateriflora"
"1063","Rothmannia liebrechtsiana","Rothmannia liebrechtsiana"
"1064","Rothmannia longiflora","Rothmannia jollyana/longiflora"
"1065","Rothmannia lujae","Rothmannia lujae"
"1066","Rothmannia macrocarpa","Rothmannia macrocarpa"
"1067","Rothmannia mayumbensis","Rothmannia mayumbensis"
"1068","Rothmannia munsae","Rothmannia munsae"
"1069","Rothmannia munsae subsp. megalostigma","Rothmannia munsae"
"1070","Rothmannia octomera","Rothmannia octomera"
"1071","Rothmannia whitfieldii","Rothmannia whitfieldii"
"1072","Rytigynia","Rytigynia sp1"
"1073","Sacoglottis gabonensis","Sacoglottis gabonensis"
"1074","Salacia","Salacia sp1"
"1075","Santiria","Santiria sp1"
"1076","Santiria ebo","Santiria sp1"
"1077","Santiria obovata","Santiria sp1"
"1078","Santiria trimera","Santiria sp1"
"1079","Sapium","Sapium sp1"
"1080","Scaphopetalum","Scaphopetalum sp1"
"1081","Scaphopetalum blackii","Scaphopetalum blackii"
"1082","Scaphopetalum thonneri","Scaphopetalum thonneri"
"1083","Schumanniophyton","Schumanniophyton sp1"
"1084","Schumanniophyton magnificum","Schumanniophyton sp1"
"1085","Sclerocroton cornutus","Sclerocroton cornutus"
"1086","Scorodophloeus","Scorodophloeus zenkeri"
"1087","Scorodophloeus zenkeri","Scorodophloeus zenkeri"
"1088","Scottellia","Scottellia klaineana"
"1089","Scottellia coriacea","Scottellia klaineana"
"1090","Scottellia klaineana","Scottellia klaineana"
"1091","Scyphocephalium mannii","Scyphocephalium mannii"
"1092","Scytopetalum","Scytopetalum sp1"
"1093","Scytopetalum klaineanum","Scytopetalum sp1"
"1094","Sericanthe","Sericanthe sp1"
"1095","Sericanthe gabonensis","Sericanthe gabonensis"
"1096","Shirakiopsis","Shirakiopsis elliptica"
"1097","Shirakiopsis elliptica","Shirakiopsis elliptica"
"1098","Sibangea","Sibangea sp1"
"1099","Sindora klaineana","Sindora klaineana"
"1100","Sindoropsis le-testui","Sindoropsis letestui"
"1101","Sindoropsis letestui","Sindoropsis letestui"
"1102","Sorindeia","Sorindeia sp1"
"1103","Sorindeia africana","Sorindeia africana/juglandifolia"
"1104","Sorindeia gabonensis","Sorindeia gabonensis"
"1105","Sorindeia juglandifolia","Sorindeia africana/juglandifolia"
"1106","Sorindeia winkleri","Sorindeia winkleri"
"1107","Soyauxia","Soyauxia sp1"
"1108","Soyauxia gabonensis","Soyauxia gabonensis"
"1109","Soyauxia glabrescens","Soyauxia glabrescens"
"1110","Soyauxia talbotii","Soyauxia sp1"
"1111","Spathandra","Spathandra sp1"
"1112","Spathandra blakeoides","Spathandra sp1"
"1113","Spathodea campanulata","Spathodea campanulata"
"1114","Spondianthus preussii","Spondianthus preussii"
"1115","Stachyothyrsus staudtii","Stachyothyrsus staudtii"
"1116","Staudtia","Staudtia kamerunensis"
"1117","Staudtia kamerunensis","Staudtia kamerunensis"
"1118","Staudtia kamerunensis var. gabonensis","Staudtia kamerunensis"
"1119","Stemonocoleus micranthus","Stemonocoleus micranthus"
"1120","Sterculia","Sterculia sp1"
"1121","Sterculia subviolacea","Sterculia subviolacea"
"1122","Sterculia tragacantha","Sterculia tragacantha"
"1123","Streblus usambarensis","Streblus usambarensis"
"1124","Strephonema","Strephonema sp1"
"1125","Strephonema mannii","Strephonema sp1"
"1126","Strephonema sericeum","Strephonema sp1"
"1127","Strombosia","Strombosia sp1"
"1128","Strombosia grandifolia","Strombosia grandifolia"
"1129","Strombosia pustulata","Strombosia pustulata"
"1130","Strombosia scheffleri","Strombosia scheffleri"
"1131","Strombosia zenkeri","Strombosia zenkeri"
"1132","Strombosiopsis","Strombosiopsis sp1"
"1133","Strombosiopsis sereinii","Strombosiopsis sereinii"
"1134","Strombosiopsis tetrandra","Strombosiopsis tetrandra"
"1135","Strychnos","Strychnos sp1"
"1136","Strychnos camptoneura","Strychnos camptoneura"
"1137","Strychnos elaeocarpa","Strychnos elaeocarpa"
"1138","Strychnos gnetifolia","Strychnos gnetifolia"
"1139","Strychnos staudtii","Strychnos staudtii/zenkeri"
"1140","Symphonia globulifera","Symphonia globulifera"
"1141","Synsepalum","Synsepalum sp1"
"1142","Synsepalum afzelii","Synsepalum afzelii"
"1143","Synsepalum brevipes","Synsepalum brevipes"
"1144","Synsepalum congolense","Synsepalum congolense"
"1145","Synsepalum dulcificum","Synsepalum dulcificum"
"1146","Synsepalum fleuryanum","Synsepalum fleuryanum"
"1147","Synsepalum lastoursvillensis","Synsepalum msolo"
"1148","Synsepalum le-testui","Synsepalum le-testui"
"1149","Synsepalum longicuneatum","Synsepalum longicuneatum"
"1150","Synsepalum msolo","Synsepalum msolo"
"1151","Synsepalum seretii","Synsepalum seretii"
"1152","Synsepalum subcordatum","Synsepalum subcordatum"
"1153","Syzygium","Syzygium sp1"
"1154","Syzygium congolense","Syzygium congolense"
"1155","Syzygium guineense","Syzygium guineense"
"1156","Syzygium guineense subsp. occidentale","Syzygium guineense"
"1157","Syzygium owariense","Syzygium owariense"
"1158","Syzygium staudtii","Syzygium staudtii"
"1159","Tabernaemontana","Tabernaemontana sp1"
"1160","Tabernaemontana crassa","Tabernaemontana crassa"
"1161","Tabernaemontana penduliflora","Tabernaemontana penduliflora"
"1162","Tapura","Tapura sp1"
"1163","Tapura africana","Tapura sp1"
"1164","Tapura bouquetiana","Tapura bouquetiana"
"1165","Tapura le-testui","Tapura sp1"
"1166","Tarenna","Tarenna sp1"
"1167","Tarenna jolinonii","Tarenna jolinonii"
"1168","Tarenna lasiorhachis","Tarenna sp1"
"1169","Tarenna petitii","Tarenna petitii"
"1170","Tarrietia densiflora","Tarrietia densiflora"
"1171","Terminalia superba","Terminalia superba"
"1172","Tessmannia","Tessmannia sp1"
"1173","Tessmannia africana","Tessmannia africana"
"1174","Tessmannia anomala","Tessmannia anomala"
"1175","Tessmannia lescrauwaetii","Tessmannia lescrauwaetii"
"1176","Testulea gabonensis","Testulea gabonensis"
"1177","Tetraberlinia bifoliolata","Tetraberlinia bifoliolata"
"1178","Tetraberlinia longiracemosa","Tetraberlinia longiracemosa"
"1179","Tetraberlinia moreliana","Tetraberlinia moreliana"
"1180","Tetraberlinia polyphylla","Tetraberlinia polyphylla"
"1181","Tetrapleura tetraptera","Tetrapleura tetraptera"
"1182","Tetrorchidium didymostemon","Tetrorchidium didymostemon"
"1183","Thecacoris lucida","Thecacoris lucida"
"1184","Theobroma cacao","Theobroma cacao"
"1185","Thomandersia","Thomandersia sp1"
"1186","Thomandersia butayei","Thomandersia butayei"
"1187","Thomandersia congolana","Thomandersia congolana"
"1188","Thomandersia hensii","Thomandersia sp1"
"1189","Tieghemella africana","Tieghemella africana"
"1190","Toddaliopsis ebolowensis","Vepris sp1"
"1191","Torenia","Torenia sp1"
"1192","Treculia africana","Treculia africana"
"1193","Treculia obovoidea","Treculia obovoidea"
"1194","Tricalysia","Tricalysia sp1"
"1195","Tricalysia anomala","Tricalysia anomala"
"1196","Tricalysia anomala var. guineensis","Tricalysia anomala"
"1197","Tricalysia fangana","Tricalysia sp1"
"1198","Tricalysia hensii","Tricalysia sp1"
"1199","Tricalysia lophocarpa","Tricalysia sp1"
"1200","Tricalysia obstetrix","Tricalysia sp1"
"1201","Tricalysia pallens","Tricalysia sp1"
"1202","Tricalysia pangolina","Tricalysia pangolina"
"1203","Tricalysia pedunculosa","Tricalysia sp1"
"1204","Tricalysia soyauxii","Tricalysia sp1"
"1205","Tricalysia wilksii","Tricalysia sp1"
"1206","Trichilia","Trichilia sp1"
"1207","Trichilia gilgiana","Trichilia gilgiana/gilletii"
"1208","Trichilia gilletii","Trichilia gilgiana/gilletii"
"1209","Trichilia monadelpha","Trichilia monadelpha"
"1210","Trichilia prieuriana","Trichilia prieuriana"
"1211","Trichilia rubescens","Trichilia rubescens"
"1212","Trichilia tessmannii","Trichilia tessmannii"
"1213","Trichilia welwitschii","Trichilia welwitschii"
"1214","Trichoscypha","Trichoscypha sp1"
"1215","Trichoscypha acuminata","Trichoscypha acuminata"
"1216","Trichoscypha arborea","Trichoscypha arborea"
"1217","Trichoscypha argentea","Trichoscypha argentea"
"1218","Trichoscypha bijuga","Trichoscypha sp1"
"1219","Trichoscypha engong","Trichoscypha engong"
"1220","Trichoscypha hallei","Trichoscypha sp1"
"1221","Trichoscypha laxiflora","Trichoscypha laxiflora"
"1222","Trichoscypha mannii","Trichoscypha mannii"
"1223","Trichoscypha nyangensis","Trichoscypha nyangensis"
"1224","Trichoscypha oddonii","Trichoscypha oddonii"
"1225","Trichoscypha patens","Trichoscypha patens"
"1226","Trichoscypha reygaertii","Trichoscypha reygaertii"
"1227","Trichoscypha rubicunda","Trichoscypha sp1"
"1228","Trichoscypha wilksii","Trichoscypha wilksii"
"1229","Trichostephanus acuminatus","Trichostephanus acuminatus"
"1230","Trichostephanus gabonensis","Trichostephanus gabonensis"
"1231","Tridesmostemon","Tridesmostemon sp1"
"1232","Tridesmostemon omphalocarpoides","Tridesmostemon sp1"
"1233","Trilepisium madagascariense","Trilepisium madagascariense"
"1234","Trillesanthus excelsus","Trillesanthus excelsus"
"1235","Tulestea tomentosa","Tulestea tomentosa"
"1236","Turraeanthus","Turraeanthus sp1"
"1237","Turraeanthus longipes","Turraeanthus sp1"
"1238","Uapaca","Uapaca sp1"
"1239","Uapaca acuminata","Uapaca acuminata"
"1240","Uapaca guineensis","Uapaca guineensis"
"1241","Uapaca heudelotii","Uapaca heudelotii"
"1242","Uapaca mole","Uapaca mole"
"1243","Uapaca pynaertii","Uapaca pynaertii"
"1244","Uapaca staudtii","Uapaca staudtii"
"1245","Uapaca togoensis","Uapaca togoensis"
"1246","Uapaca vanhouttei","Uapaca vanhouttei"
"1247","Uvariastrum","Uvariastrum sp1"
"1248","Uvariastrum pierreanum","Uvariastrum pierreanum"
"1249","Uvariastrum zenkeri","Uvariastrum zenkeri"
"1250","Uvariodendron","Uvariodendron/Uvariopsis sp1"
"1251","Uvariodendron molundense","Uvariodendron/Uvariopsis sp1"
"1252","Uvariopsis","Uvariodendron/Uvariopsis sp1"
"1253","Uvariopsis vanderystii","Uvariodendron/Uvariopsis sp1"
"1254","Vadensea testui","Vadensea testui"
"1255","Vadensea tenuifolia","Vadensea tenuifolia"
"1256","Vangueriella","Vangueriella sp1"
"1257","Vangueriella chlorantha","Vangueriella chlorantha"
"1258","Vangueriella nigricans","Vangueriella nigricans"
"1259","Vangueriopsis rubiginosa","Vangueriopsis rubiginosa"
"1260","Vepris","Vepris sp1"
"1261","Vepris afzelii","Vepris afzelii"
"1262","Vepris glaberrima","Vepris glaberrima"
"1263","Vepris soyauxii","Vepris soyauxii"
"1264","Vismia rubescens","Vismia rubescens"
"1265","Vitex","Vitex sp1"
"1266","Vitex ciliata","Vitex sp1"
"1267","Vitex doniana","Vitex doniana"
"1268","Vitex gabunensis","Vitex sp1"
"1269","Vitex grandifolia","Vitex sp1"
"1270","Vitex rivularis","Vitex sp1"
"1271","Voacanga","Voacanga sp1"
"1272","Voacanga africana","Voacanga sp1"
"1273","Warneckea","Warneckea sp1"
"1274","Warneckea cauliflora","Warneckea sp1"
"1275","Warneckea cinnamomoides","Warneckea sp1"
"1276","Warneckea floribunda","Warneckea sp1"
"1277","Warneckea membranifolia","Warneckea sp1"
"1278","Warneckea pulcherrima","Warneckea sp1"
"1279","Warneckea sapinii","Warneckea sp1"
"1280","Warneckea wildeana","Warneckea sp1"
"1281","Wilczekra gabonica","Wilczekra gabonica"
"1282","Xylopia","Xylopia sp1"
"1283","Xylopia acutiflora","Xylopia thomsonii"
"1284","Xylopia aethiopica","Xylopia aethiopica"
"1285","Xylopia cupularis","Xylopia cupularis"
"1286","Xylopia flamignii","Xylopia flamignii"
"1287","Xylopia gilbertii","Xylopia gilbertii"
"1288","Xylopia globosa","Xylopia globosa"
"1289","Xylopia hypolampra","Xylopia hypolampra"
"1290","Xylopia le-testui","Xylopia letestui"
"1291","Xylopia le-testui var. le-testui","Xylopia letestui"
"1292","Xylopia letestui","Xylopia letestui"
"1293","Xylopia longipetala","Xylopia longipetala"
"1294","Xylopia mildbraedii","Xylopia mildbraedii"
"1295","Xylopia phloiodora","Xylopia phloiodora"
"1296","Xylopia pynaertii","Xylopia pynaertii"
"1297","Xylopia pyrifolia","Xylopia thomsonii"
"1298","Xylopia quintasii","Xylopia quintasii"
"1299","Xylopia rubescens","Xylopia rubescens"
"1300","Xylopia staudtii","Xylopia staudtii"
"1301","Yufa azaguieanum","Chrysophyllum azaguieanum"
"1302","Zanthoxylum","Zanthoxylum sp1"
"1303","Zanthoxylum gilletii","Zanthoxylum gilletii"
"1304","Zanthoxylum heitzii","Zanthoxylum heitzii"
